[
    {
        "cityName": "abu dhabi",
        "airportCode": "AUH",
        "countryName": "United Arab Emirates"
    },
    {
        "cityName": "al-fujairah",
        "airportCode": "FJR",
        "countryName": "United Arab Emirates"
    },
    {
        "cityName": "amman",
        "airportCode": "AMM",
        "countryName": "Jordan"
    },
    {
        "cityName": "antigua",
        "airportCode": "ANU",
        "countryName": "Antigua and Barbuda"
    },
    {
        "cityName": "aqaba",
        "airportCode": "AQJ",
        "countryName": "Jordan"
    },
    {
        "cityName": "atlantic city",
        "airportCode": "ACY",
        "countryName": "United States"
    },
    {
        "cityName": "benghazi",
        "airportCode": "BEN",
        "countryName": "Libya"
    },
    {
        "cityName": "bridgetown",
        "airportCode": "BGI",
        "countryName": "Barbados"
    },
    {
        "cityName": "brownsville",
        "airportCode": "BRO",
        "countryName": "United States"
    },
    {
        "cityName": "bullhead city",
        "airportCode": "IFP",
        "countryName": "United States"
    },
    {
        "cityName": "camaguey",
        "airportCode": "CMW",
        "countryName": "Cuba"
    },
    {
        "cityName": "ciudad juarez",
        "airportCode": "CJS",
        "countryName": "Mexico"
    },
    {
        "cityName": "columbus",
        "airportCode": "CMH",
        "countryName": "United States"
    },
    {
        "cityName": "dabaa city",
        "airportCode": "DBB",
        "countryName": "Egypt"
    },
    {
        "cityName": "dallas",
        "airportCode": "DFW",
        "countryName": "United States"
    },
    {
        "cityName": "dayton",
        "airportCode": "DAY",
        "countryName": "United States"
    },
    {
        "cityName": "delhi",
        "airportCode": "DEL",
        "countryName": "India"
    },
    {
        "cityName": "douglas",
        "airportCode": "DUG",
        "countryName": "United States"
    },
    {
        "cityName": "easter island",
        "airportCode": "IPC",
        "countryName": "Chile"
    },
    {
        "cityName": "grand rapids",
        "airportCode": "GRR",
        "countryName": "United States"
    },
    {
        "cityName": "grenada",
        "airportCode": "GND",
        "countryName": "Grenada"
    },
    {
        "cityName": "harrisburg",
        "airportCode": "MDT",
        "countryName": "United States"
    },
    {
        "cityName": "havana",
        "airportCode": "HAV",
        "countryName": "Cuba"
    },
    {
        "cityName": "high point",
        "airportCode": "GSO",
        "countryName": "United States"
    },
    {
        "cityName": "honiara",
        "airportCode": "HIR",
        "countryName": "Solomon Islands"
    },
    {
        "cityName": "international falls",
        "airportCode": "INL",
        "countryName": "United States"
    },
    {
        "cityName": "islamabad",
        "airportCode": "ISB",
        "countryName": "Pakistan"
    },
    {
        "cityName": "jakarta",
        "airportCode": "JKT",
        "countryName": "Indonesia"
    },
    {
        "cityName": "johor bahru",
        "airportCode": "JHB",
        "countryName": "Malaysia"
    },
    {
        "cityName": "kalamazoo",
        "airportCode": "AZO",
        "countryName": "United States"
    },
    {
        "cityName": "kano",
        "airportCode": "KAN",
        "countryName": "Nigeria"
    },
    {
        "cityName": "karachi",
        "airportCode": "KHI",
        "countryName": "Pakistan"
    },
    {
        "cityName": "krakow",
        "airportCode": "KRK",
        "countryName": "Poland"
    },
    {
        "cityName": "las vegas",
        "airportCode": "LAS",
        "countryName": "United States"
    },
    {
        "cityName": "lima",
        "airportCode": "LIM",
        "countryName": "Peru"
    },
    {
        "cityName": "majuro",
        "airportCode": "MAJ",
        "countryName": "Marshall Islands"
    },
    {
        "cityName": "manaus",
        "airportCode": "MAO",
        "countryName": "Brazil"
    },
    {
        "cityName": "manila",
        "airportCode": "MNL",
        "countryName": "Philippines"
    },
    {
        "cityName": "manzini",
        "airportCode": "MTS",
        "countryName": "Swaziland"
    },
    {
        "cityName": "maseru",
        "airportCode": "MSU",
        "countryName": "Lesotho"
    },
    {
        "cityName": "melbourne",
        "airportCode": "MLB",
        "countryName": "United States"
    },
    {
        "cityName": "minneapolis",
        "airportCode": "MSP",
        "countryName": "United States"
    },
    {
        "cityName": "monrovia",
        "airportCode": "ROB",
        "countryName": "Liberia"
    },
    {
        "cityName": "monticello",
        "airportCode": "MSV",
        "countryName": "United States"
    },
    {
        "cityName": "nassau",
        "airportCode": "NAS",
        "countryName": "Bahamas"
    },
    {
        "cityName": "new york",
        "airportCode": "JFK",
        "countryName": "United States"
    },
    {
        "cityName": "nuevo laredo",
        "airportCode": "NLD",
        "countryName": "Mexico"
    },
    {
        "cityName": "oakland",
        "airportCode": "OAK",
        "countryName": "United States"
    },
    {
        "cityName": "ontario",
        "airportCode": "JIO",
        "countryName": "United States"
    },
    {
        "cityName": "orlando",
        "airportCode": "SFB",
        "countryName": "United States"
    },
    {
        "cityName": "paramaribo",
        "airportCode": "PBM",
        "countryName": "Suriname"
    },
    {
        "cityName": "phoenix",
        "airportCode": "PHX",
        "countryName": "United States"
    },
    {
        "cityName": "port angeles",
        "airportCode": "CLM",
        "countryName": "United States"
    },
    {
        "cityName": "port huron",
        "airportCode": "PHN",
        "countryName": "United States"
    },
    {
        "cityName": "portland",
        "airportCode": "PWM",
        "countryName": "United States"
    },
    {
        "cityName": "recife",
        "airportCode": "REC",
        "countryName": "Brazil"
    },
    {
        "cityName": "richmond",
        "airportCode": "RIC",
        "countryName": "United States"
    },
    {
        "cityName": "riyadh",
        "airportCode": "RUH",
        "countryName": "Saudi Arabia"
    },
    {
        "cityName": "sal",
        "airportCode": "SID",
        "countryName": "Cape Verde"
    },
    {
        "cityName": "san jose",
        "airportCode": "SJO",
        "countryName": "Costa Rica"
    },
    {
        "cityName": "san juan",
        "airportCode": "SJU",
        "countryName": "Puerto Rico"
    },
    {
        "cityName": "assuncion",
        "airportCode": "VVI",
        "countryName": "Bolivia"
    },
    {
        "cityName": "sao paulo",
        "airportCode": "GRU",
        "countryName": "Brazil"
    },
    {
        "cityName": "seattle",
        "airportCode": "BFI",
        "countryName": "United States"
    },
    {
        "cityName": "st louis",
        "airportCode": "STL",
        "countryName": "United States"
    },
    {
        "cityName": "tel aviv yafo",
        "airportCode": "TLV",
        "countryName": "Israel"
    },
    {
        "cityName": "vancouver",
        "airportCode": "YVR",
        "countryName": "Canada"
    },
    {
        "cityName": "dulles, dc",
        "airportCode": "IAD",
        "countryName": "United States"
    },
    {
        "cityName": "williston",
        "airportCode": "ISN",
        "countryName": "United States"
    },
    {
        "cityName": "abuja",
        "airportCode": "ABV",
        "countryName": "Nigeria"
    },
    {
        "cityName": "aden",
        "airportCode": "ADE",
        "countryName": "Yemen"
    },
    {
        "cityName": "akron/canton",
        "airportCode": "AKC",
        "countryName": "United States"
    },
    {
        "cityName": "albany",
        "airportCode": "ALB",
        "countryName": "United States"
    },
    {
        "cityName": "albuquerque",
        "airportCode": "ABQ",
        "countryName": "United States"
    },
    {
        "cityName": "alice",
        "airportCode": "ALI",
        "countryName": "United States"
    },
    {
        "cityName": "amarillo",
        "airportCode": "AMA",
        "countryName": "United States"
    },
    {
        "cityName": "asmara",
        "airportCode": "ASM",
        "countryName": "Ethiopia"
    },
    {
        "cityName": "auckland",
        "airportCode": "AKL",
        "countryName": "New Zealand (aotearoa)"
    },
    {
        "cityName": "baghdad",
        "airportCode": "SDA",
        "countryName": "Iraq"
    },
    {
        "cityName": "manama",
        "airportCode": "BAH",
        "countryName": "Bahrain"
    },
    {
        "cityName": "bandar seri begawan",
        "airportCode": "BWN",
        "countryName": "Brunei Darussalam"
    },
    {
        "cityName": "bangkok",
        "airportCode": "BKK",
        "countryName": "Thailand"
    },
    {
        "cityName": "bangor",
        "airportCode": "BGR",
        "countryName": "United States"
    },
    {
        "cityName": "banjul",
        "airportCode": "BJL",
        "countryName": "Gambia"
    },
    {
        "cityName": "basra",
        "airportCode": "BSR",
        "countryName": "Iraq"
    },
    {
        "cityName": "beirut",
        "airportCode": "BEY",
        "countryName": "Lebanon"
    },
    {
        "cityName": "belfast",
        "airportCode": "BFS",
        "countryName": "United Kingdom"
    },
    {
        "cityName": "belgrade",
        "airportCode": "BEG",
        "countryName": "Yugoslavia (Serbia and Montenegro)"
    },
    {
        "cityName": "bermuda",
        "airportCode": "BDA",
        "countryName": "Bermuda"
    },
    {
        "cityName": "bimini",
        "airportCode": "BIM",
        "countryName": "Bahamas"
    },
    {
        "cityName": "birmingham",
        "airportCode": "BHX",
        "countryName": "United Kingdom"
    },
    {
        "cityName": "bonaire",
        "airportCode": "BON",
        "countryName": "Netherlands Antilles"
    },
    {
        "cityName": "boston",
        "airportCode": "BOS",
        "countryName": "United States"
    },
    {
        "cityName": "bournemouth",
        "airportCode": "BOH",
        "countryName": "United Kingdom"
    },
    {
        "cityName": "brasilia",
        "airportCode": "BSB",
        "countryName": "Brazil"
    },
    {
        "cityName": "brisbane",
        "airportCode": "BNE",
        "countryName": "Australia"
    },
    {
        "cityName": "bucharest",
        "airportCode": "OTP",
        "countryName": "Romania"
    },
    {
        "cityName": "bujumbura",
        "airportCode": "BJM",
        "countryName": "Burundi"
    },
    {
        "cityName": "burlington",
        "airportCode": "BTV",
        "countryName": "United States"
    },
    {
        "cityName": "cairo",
        "airportCode": "CAI",
        "countryName": "Egypt"
    },
    {
        "cityName": "calexico",
        "airportCode": "CXL",
        "countryName": "United States"
    },
    {
        "cityName": "calgary",
        "airportCode": "YYC",
        "countryName": "Canada"
    },
    {
        "cityName": "campeche",
        "airportCode": "CPE",
        "countryName": "Mexico"
    },
    {
        "cityName": "campinas",
        "airportCode": "CPQ",
        "countryName": "Brazil"
    },
    {
        "cityName": "cape town",
        "airportCode": "CPT",
        "countryName": "South Africa"
    },
    {
        "cityName": "cebu",
        "airportCode": "CEB",
        "countryName": "Philippines"
    },
    {
        "cityName": "chiang mai",
        "airportCode": "CNX",
        "countryName": "Thailand"
    },
    {
        "cityName": "chongqing",
        "airportCode": "CKG",
        "countryName": "China"
    },
    {
        "cityName": "christchurch",
        "airportCode": "CHC",
        "countryName": "New Zealand (Aotearoa)"
    },
    {
        "cityName": "ciudad acuna",
        "airportCode": "ACN",
        "countryName": "Mexico"
    },
    {
        "cityName": "cleveland",
        "airportCode": "CLE",
        "countryName": "United States"
    },
    {
        "cityName": "cluj-napoca",
        "airportCode": "CLJ",
        "countryName": "Romania"
    },
    {
        "cityName": "corpus christi",
        "airportCode": "CRP",
        "countryName": "United States"
    },
    {
        "cityName": "coventry",
        "airportCode": "CVT",
        "countryName": "United Kingdom"
    },
    {
        "cityName": "curacao",
        "airportCode": "CUR",
        "countryName": "Netherlands Antilles"
    },
    {
        "cityName": "curitiba",
        "airportCode": "CWB",
        "countryName": "Brazil"
    },
    {
        "cityName": "damascus",
        "airportCode": "DAM",
        "countryName": "Syria"
    },
    {
        "cityName": "dar es salaam",
        "airportCode": "DAR",
        "countryName": "Tanzania"
    },
    {
        "cityName": "davao",
        "airportCode": "DVO",
        "countryName": "Philippines"
    },
    {
        "cityName": "del rio",
        "airportCode": "DRT",
        "countryName": "United States"
    },
    {
        "cityName": "denver",
        "airportCode": "DEN",
        "countryName": "United States"
    },
    {
        "cityName": "dhaka",
        "airportCode": "DAC",
        "countryName": "Bangladesh"
    },
    {
        "cityName": "doncaster",
        "airportCode": "DSA",
        "countryName": "United Kingdom"
    },
    {
        "cityName": "douglas",
        "airportCode": "DGF",
        "countryName": "Unites States"
    },
    {
        "cityName": "duluth",
        "airportCode": "DLH",
        "countryName": "United States"
    },
    {
        "cityName": "dunedin",
        "airportCode": "DUD",
        "countryName": "New Zealand"
    },
    {
        "cityName": "durban",
        "airportCode": "DUR",
        "countryName": "South Africa"
    },
    {
        "cityName": "dusseldorf",
        "airportCode": "DUS",
        "countryName": "Germany"
    },
    {
        "cityName": "edmonton",
        "airportCode": "YEG",
        "countryName": "Canada"
    },
    {
        "cityName": "el paso",
        "airportCode": "ELP",
        "countryName": "United States"
    },
    {
        "cityName": "erie",
        "airportCode": "ERI",
        "countryName": "United States"
    },
    {
        "cityName": "fairbanks",
        "airportCode": "FAI",
        "countryName": "United States"
    },
    {
        "cityName": "fort lauderdale",
        "airportCode": "FLL",
        "countryName": "United States"
    },
    {
        "cityName": "frankfurt",
        "airportCode": "FRA",
        "countryName": "Germany"
    },
    {
        "cityName": "freetown",
        "airportCode": "FNA",
        "countryName": "Sierra Leone"
    },
    {
        "cityName": "funafuti atol",
        "airportCode": "FUN",
        "countryName": "Tuvalu"
    },
    {
        "cityName": "gander",
        "airportCode": "YQX",
        "countryName": "Canada"
    },
    {
        "cityName": "george town",
        "airportCode": "GGT",
        "countryName": "Bahamas"
    },
    {
        "cityName": "glasgow",
        "airportCode": "GLA",
        "countryName": "United Kingdom"
    },
    {
        "cityName": "glasgow",
        "airportCode": "GGW",
        "countryName": "United States"
    },
    {
        "cityName": "georgetown",
        "airportCode": "GCM",
        "countryName": "Cayman Islands"
    },
    {
        "cityName": "great falls",
        "airportCode": "GTF",
        "countryName": "United States"
    },
    {
        "cityName": "halifax",
        "airportCode": "YHZ",
        "countryName": "Canada"
    },
    {
        "cityName": "hanoi",
        "airportCode": "HAN",
        "countryName": "Viet Nam"
    },
    {
        "cityName": "harlingen",
        "airportCode": "HRL",
        "countryName": "United States"
    },
    {
        "cityName": "hilo",
        "airportCode": "ITO",
        "countryName": "United States"
    },
    {
        "cityName": "hiroshima",
        "airportCode": "HIJ",
        "countryName": "Japan"
    },
    {
        "cityName": "honolulu",
        "airportCode": "HNL",
        "countryName": "United States"
    },
    {
        "cityName": "houlton",
        "airportCode": "HUL",
        "countryName": "United States"
    },
    {
        "cityName": "indianapolis",
        "airportCode": "IND",
        "countryName": "United States"
    },
    {
        "cityName": "jacksonville",
        "airportCode": "JAX",
        "countryName": "United States"
    },
    {
        "cityName": "jeddah",
        "airportCode": "JED",
        "countryName": "Saudi Arabia"
    },
    {
        "cityName": "johannesburg",
        "airportCode": "GCJ",
        "countryName": "South Africa"
    },
    {
        "cityName": "kansas city",
        "airportCode": "MCI",
        "countryName": "United States"
    },
    {
        "cityName": "kaohsiung",
        "airportCode": "KHH",
        "countryName": "Taiwan"
    },
    {
        "cityName": "kayseri",
        "airportCode": "ASR",
        "countryName": "Turkey"
    },
    {
        "cityName": "ketchikan",
        "airportCode": "KTN",
        "countryName": "United States"
    },
    {
        "cityName": "key west",
        "airportCode": "EYW",
        "countryName": "United States"
    },
    {
        "cityName": "klaipeda/palanga",
        "airportCode": "PLQ",
        "countryName": "Lithuania"
    },
    {
        "cityName": "kogalym",
        "airportCode": "KGP",
        "countryName": "Russia"
    },
    {
        "cityName": "kuala lumpur",
        "airportCode": "KUL",
        "countryName": "Malaysia"
    },
    {
        "cityName": "kuwait city",
        "airportCode": "KWI",
        "countryName": "Kuwait"
    },
    {
        "cityName": "la ceiba",
        "airportCode": "LCE",
        "countryName": "Honduras"
    },
    {
        "cityName": "lahore",
        "airportCode": "LHE",
        "countryName": "Pakistan"
    },
    {
        "cityName": "langkawi",
        "airportCode": "LGK",
        "countryName": "Malaysia"
    },
    {
        "cityName": "laredo",
        "airportCode": "LRD",
        "countryName": "United States"
    },
    {
        "cityName": "latacunga",
        "airportCode": "LTX",
        "countryName": "Ecuador"
    },
    {
        "cityName": "lilongwe",
        "airportCode": "LLW",
        "countryName": "Malawi"
    },
    {
        "cityName": "los angeles",
        "airportCode": "LAX",
        "countryName": "United States"
    },
    {
        "cityName": "lubbock",
        "airportCode": "LBB",
        "countryName": "United States"
    },
    {
        "cityName": "angeles city",
        "airportCode": "CRK",
        "countryName": "Philippines"
    },
    {
        "cityName": "mahe island",
        "airportCode": "SEZ",
        "countryName": "Seychelles"
    },
    {
        "cityName": "male",
        "airportCode": "MLE",
        "countryName": "Maldives"
    },
    {
        "cityName": "gudja",
        "airportCode": "MLA",
        "countryName": "Malta"
    },
    {
        "cityName": "mandalay",
        "airportCode": "MDL",
        "countryName": "Myanmar"
    },
    {
        "cityName": "manston",
        "airportCode": "MSE",
        "countryName": "United Kingdom"
    },
    {
        "cityName": "maputo",
        "airportCode": "MPM",
        "countryName": "Mozambique"
    },
    {
        "cityName": "marquette",
        "airportCode": "MQT",
        "countryName": "United States"
    },
    {
        "cityName": "marsh harbour",
        "airportCode": "MHH",
        "countryName": "Bahamas"
    },
    {
        "cityName": "medellín",
        "airportCode": "EOH",
        "countryName": "Colombia"
    },
    {
        "cityName": "memphis",
        "airportCode": "MEM",
        "countryName": "United States"
    },
    {
        "cityName": "mexico city",
        "airportCode": "MEX",
        "countryName": "Mexico"
    },
    {
        "cityName": "miami",
        "airportCode": "MIA",
        "countryName": "United States"
    },
    {
        "cityName": "minot",
        "airportCode": "MOT",
        "countryName": "United States"
    },
    {
        "cityName": "minsk",
        "airportCode": "MHP",
        "countryName": "Belarus"
    },
    {
        "cityName": "minsk",
        "airportCode": "MSQ",
        "countryName": "Belarus"
    },
    {
        "cityName": "mmabatho",
        "airportCode": "MBD",
        "countryName": "South Africa"
    },
    {
        "cityName": "mogadishu",
        "airportCode": "MGQ",
        "countryName": "Somalia"
    },
    {
        "cityName": "mombasa",
        "airportCode": "MBA",
        "countryName": "Kenya"
    },
    {
        "cityName": "montego bay",
        "airportCode": "MBJ",
        "countryName": "Jamaica"
    },
    {
        "cityName": "chicago",
        "airportCode": "OAR",
        "countryName": "United States"
    },
    {
        "cityName": "montevideo",
        "airportCode": "MVD",
        "countryName": "Uruguay"
    },
    {
        "cityName": "montreal",
        "airportCode": "YUL",
        "countryName": "Canada"
    },
    {
        "cityName": "nadi",
        "airportCode": "NAN",
        "countryName": "Fiji"
    },
    {
        "cityName": "nairobi",
        "airportCode": "NBO",
        "countryName": "Kenya"
    },
    {
        "cityName": "nauru island",
        "airportCode": "INU",
        "countryName": "Nauru"
    },
    {
        "cityName": "nelspruit",
        "airportCode": "NLP",
        "countryName": "South Africa"
    },
    {
        "cityName": "niagara falls",
        "airportCode": "IAG",
        "countryName": "United States"
    },
    {
        "cityName": "nogales",
        "airportCode": "OLS",
        "countryName": "United States"
    },
    {
        "cityName": "norfolk",
        "airportCode": "ORF",
        "countryName": "United States"
    },
    {
        "cityName": "north eleuthera",
        "airportCode": "ELH",
        "countryName": "Bahamas"
    },
    {
        "cityName": "ontario",
        "airportCode": "ONT",
        "countryName": "United States"
    },
    {
        "cityName": "orlando",
        "airportCode": "MCO",
        "countryName": "United States"
    },
    {
        "cityName": "osaka",
        "airportCode": "KIX",
        "countryName": "Japan"
    },
    {
        "cityName": "ottawa",
        "airportCode": "YOW",
        "countryName": "Canada"
    },
    {
        "cityName": "padang",
        "airportCode": "PDG",
        "countryName": "Indonesia"
    },
    {
        "cityName": "pago pago",
        "airportCode": "PPG",
        "countryName": "American Samoa"
    },
    {
        "cityName": "panama city",
        "airportCode": "PTY",
        "countryName": "Panama"
    },
    {
        "cityName": "paphos",
        "airportCode": "PFO",
        "countryName": "Cyprus"
    },
    {
        "cityName": "penang",
        "airportCode": "PEN",
        "countryName": "Malaysia"
    },
    {
        "cityName": "philadelphia",
        "airportCode": "PHL",
        "countryName": "United States"
    },
    {
        "cityName": "phnom penh",
        "airportCode": "PNH",
        "countryName": "Cambodia"
    },
    {
        "cityName": "phuket",
        "airportCode": "HKT",
        "countryName": "Thailand"
    },
    {
        "cityName": "ponta pora",
        "airportCode": "PMG",
        "countryName": "Brazil"
    },
    {
        "cityName": "portland",
        "airportCode": "PDX",
        "countryName": "United States"
    },
    {
        "cityName": "prishtina",
        "airportCode": "PRN",
        "countryName": "Kosovo"
    },
    {
        "cityName": "providenciales",
        "airportCode": "PLS",
        "countryName": "Turks and Caicos Islands"
    },
    {
        "cityName": "maldonado",
        "airportCode": "PDP",
        "countryName": "Uruguay"
    },
    {
        "cityName": "raleigh/durham",
        "airportCode": "RDU",
        "countryName": "United States"
    },
    {
        "cityName": "reykjavik",
        "airportCode": "KEF",
        "countryName": "Iceland"
    },
    {
        "cityName": "riga",
        "airportCode": "RIX",
        "countryName": "Latvia"
    },
    {
        "cityName": "rio de janeiro",
        "airportCode": "GIG",
        "countryName": "Brazil"
    },
    {
        "cityName": "sacramento",
        "airportCode": "SMF",
        "countryName": "United States"
    },
    {
        "cityName": "saipan",
        "airportCode": "SPN",
        "countryName": "Northern Mariana Islands"
    },
    {
        "cityName": "salt lake city",
        "airportCode": "SLC",
        "countryName": "United States"
    },
    {
        "cityName": "san antonio",
        "airportCode": "SAT",
        "countryName": "United States"
    },
    {
        "cityName": "san carlos debariloche",
        "airportCode": "BRC",
        "countryName": "Argentina"
    },
    {
        "cityName": "san francisco",
        "airportCode": "SFO",
        "countryName": "United States"
    },
    {
        "cityName": "san jose",
        "airportCode": "SJC",
        "countryName": "United States"
    },
    {
        "cityName": "san salvador",
        "airportCode": "SAL",
        "countryName": "El Salvador"
    },
    {
        "cityName": "sarasota",
        "airportCode": "SRQ",
        "countryName": "United States"
    },
    {
        "cityName": "saskatoon",
        "airportCode": "YXE",
        "countryName": "Canada"
    },
    {
        "cityName": "seattle",
        "airportCode": "SEA",
        "countryName": "United States"
    },
    {
        "cityName": "sialkot",
        "airportCode": "SKT",
        "countryName": "Pakistan"
    },
    {
        "cityName": "south caicos",
        "airportCode": "XSC",
        "countryName": "Turks and Caicos Islands"
    },
    {
        "cityName": "spokane",
        "airportCode": "GEG",
        "countryName": "United States"
    },
    {
        "cityName": "st petersburg",
        "airportCode": "PIE",
        "countryName": "United States"
    },
    {
        "cityName": "sylhet",
        "airportCode": "ZYL",
        "countryName": "Bangladesh"
    },
    {
        "cityName": "syracuse",
        "airportCode": "SYR",
        "countryName": "United States"
    },
    {
        "cityName": "taba",
        "airportCode": "TCP",
        "countryName": "Egypt"
    },
    {
        "cityName": "tampa",
        "airportCode": "TPA",
        "countryName": "United States"
    },
    {
        "cityName": "tapachula",
        "airportCode": "TAP",
        "countryName": "Mexico"
    },
    {
        "cityName": "thessaloniki",
        "airportCode": "SKG",
        "countryName": "Greece"
    },
    {
        "cityName": "thiruvananthapuram",
        "airportCode": "TRV",
        "countryName": "India"
    },
    {
        "cityName": "timisoara",
        "airportCode": "TSR",
        "countryName": "Romania"
    },
    {
        "cityName": "toronto",
        "airportCode": "YYZ",
        "countryName": "Canada"
    },
    {
        "cityName": "townsville",
        "airportCode": "TSV",
        "countryName": "Australia"
    },
    {
        "cityName": "tripoli",
        "airportCode": "TIP",
        "countryName": "Libya"
    },
    {
        "cityName": "tucson",
        "airportCode": "TUS",
        "countryName": "United States"
    },
    {
        "cityName": "tulsa",
        "airportCode": "TUL",
        "countryName": "United States"
    },
    {
        "cityName": "tuzla",
        "airportCode": "TZL",
        "countryName": "Bosnia and Herzegovina"
    },
    {
        "cityName": "victoria",
        "airportCode": "YYJ",
        "countryName": "Canada"
    },
    {
        "cityName": "vienna",
        "airportCode": "VIE",
        "countryName": "Austria"
    },
    {
        "cityName": "baltimore",
        "airportCode": "BWI",
        "countryName": "United States"
    },
    {
        "cityName": "wellington",
        "airportCode": "WLG",
        "countryName": "New Zealand (aotearoa)"
    },
    {
        "cityName": "west palm beach",
        "airportCode": "PBI",
        "countryName": "United States"
    },
    {
        "cityName": "wilkes-barre",
        "airportCode": "AVP",
        "countryName": "United States"
    },
    {
        "cityName": "windsor locks",
        "airportCode": "BDL",
        "countryName": "United States"
    },
    {
        "cityName": "wolf point",
        "airportCode": "OLF",
        "countryName": "United States"
    },
    {
        "cityName": "yuma",
        "airportCode": "YUM",
        "countryName": "United States"
    },
    {
        "cityName": "chicago",
        "airportCode": "ORD",
        "countryName": "United States"
    },
    {
        "cityName": "hong kong",
        "airportCode": "HKG",
        "countryName": "China"
    },
    {
        "cityName": "newark",
        "airportCode": "EWR",
        "countryName": "United States"
    },
    {
        "cityName": "johannesburg",
        "airportCode": "JNB",
        "countryName": "South Africa"
    },
    {
        "cityName": "allentown",
        "airportCode": "ABE",
        "countryName": "United States"
    },
    {
        "cityName": "acapulco",
        "airportCode": "ACA",
        "countryName": "Mexico"
    },
    {
        "cityName": "baku",
        "airportCode": "BAK",
        "countryName": "Azerbaijan"
    },
    {
        "cityName": "buffalo",
        "airportCode": "BUF",
        "countryName": "United States"
    },
    {
        "cityName": "nagoya",
        "airportCode": "NGO",
        "countryName": "Japan"
    },
    {
        "cityName": "london",
        "airportCode": "YXU",
        "countryName": "Canada"
    },
    {
        "cityName": "nice",
        "airportCode": "NCE",
        "countryName": "France"
    },
    {
        "cityName": "windhoek",
        "airportCode": "WDH",
        "countryName": "Namibia"
    },
    {
        "cityName": "st. john's",
        "airportCode": "YYT",
        "countryName": "Canada"
    },
    {
        "cityName": "new orleans",
        "airportCode": "MSY",
        "countryName": "United States"
    },
    {
        "cityName": "dammam",
        "airportCode": "DMM",
        "countryName": "Saudi Arabia"
    },
    {
        "cityName": "pittsburgh",
        "airportCode": "PIT",
        "countryName": "United States"
    },
    {
        "cityName": "rafah",
        "airportCode": "GZA",
        "countryName": "Palestine"
    }
]